{"data_time": 0.0217991004999476, "eta_seconds": 191.94850640001277, "fast_rcnn/cls_accuracy": 0.41796875, "fast_rcnn/false_negative": 0.10044642857142858, "fast_rcnn/fg_cls_accuracy": 0.0, "iteration": 19, "loss_box_reg": 0.6195136308670044, "loss_cls": 2.4472274780273438, "loss_mask": 0.6917996108531952, "loss_rpn_cls": 0.02999123465269804, "loss_rpn_loc": 0.010600126814097166, "lr": 0.00016067500000000002, "mask_rcnn/accuracy": 0.5451626490968009, "mask_rcnn/false_negative": 0.6326846567705287, "mask_rcnn/false_positive": 0.28458285791753624, "rank_data_time": 0.0217991004999476, "roi_head/num_bg_samples": 105.5, "roi_head/num_fg_samples": 22.5, "rpn/num_neg_anchors": 244.5, "rpn/num_pos_anchors": 11.5, "time": 0.6855303800000456, "total_loss": 3.7388008660200285}
{"data_time": 0.01802734049999799, "eta_seconds": 161.45513422999102, "fast_rcnn/cls_accuracy": 0.818359375, "fast_rcnn/false_negative": 1.0, "fast_rcnn/fg_cls_accuracy": 0.0, "iteration": 39, "loss_box_reg": 0.5527263581752777, "loss_cls": 0.8650965690612793, "loss_mask": 0.6514641046524048, "loss_rpn_cls": 0.017037021927535534, "loss_rpn_loc": 0.007796518970280886, "lr": 0.000327175, "mask_rcnn/accuracy": 0.7926879991126885, "mask_rcnn/false_negative": 0.01932880191435863, "mask_rcnn/false_positive": 0.3543418855234377, "rank_data_time": 0.01802734049999799, "roi_head/num_bg_samples": 104.75, "roi_head/num_fg_samples": 23.25, "rpn/num_neg_anchors": 243.5, "rpn/num_pos_anchors": 12.5, "time": 0.5872740769999609, "total_loss": 2.180000387248583}
{"data_time": 0.01685775050009397, "eta_seconds": 148.55387591999715, "fast_rcnn/cls_accuracy": 0.814453125, "fast_rcnn/false_negative": 1.0, "fast_rcnn/fg_cls_accuracy": 0.0, "iteration": 59, "loss_box_reg": 0.6014478206634521, "loss_cls": 0.7169992327690125, "loss_mask": 0.5176950991153717, "loss_rpn_cls": 0.02514408342540264, "loss_rpn_loc": 0.011105168610811234, "lr": 0.000493675, "mask_rcnn/accuracy": 0.8318044483418368, "mask_rcnn/false_negative": 0.04513980947151995, "mask_rcnn/false_positive": 0.28636917131716205, "rank_data_time": 0.01685775050009397, "roi_head/num_bg_samples": 104.25, "roi_head/num_fg_samples": 23.75, "rpn/num_neg_anchors": 243.75, "rpn/num_pos_anchors": 12.25, "time": 0.5674520615000347, "total_loss": 1.9641598120797426}
{"data_time": 0.01795736200006104, "eta_seconds": 122.03407655999627, "fast_rcnn/cls_accuracy": 0.8203125, "fast_rcnn/false_negative": 1.0, "fast_rcnn/fg_cls_accuracy": 0.0, "iteration": 79, "loss_box_reg": 0.5617716014385223, "loss_cls": 0.5484639108181, "loss_mask": 0.44394853711128235, "loss_rpn_cls": 0.009399209637194872, "loss_rpn_loc": 0.008792947512120008, "lr": 0.0006601749999999999, "mask_rcnn/accuracy": 0.8682667141531937, "mask_rcnn/false_negative": 0.008165488953970384, "mask_rcnn/false_positive": 0.28880655579057624, "rank_data_time": 0.01795736200006104, "roi_head/num_bg_samples": 105.0, "roi_head/num_fg_samples": 23.0, "rpn/num_neg_anchors": 245.0, "rpn/num_pos_anchors": 11.0, "time": 0.5254214074999481, "total_loss": 1.5212087369291112}
{"data_time": 0.007238031000042611, "eta_seconds": 106.90934809999817, "fast_rcnn/cls_accuracy": 0.84375, "fast_rcnn/false_negative": 0.6634796238244514, "fast_rcnn/fg_cls_accuracy": 0.29229756418696506, "iteration": 99, "loss_box_reg": 0.6099965274333954, "loss_cls": 0.5116829872131348, "loss_mask": 0.30589453876018524, "loss_rpn_cls": 0.004457861767150462, "loss_rpn_loc": 0.007988371886312962, "lr": 0.000826675, "mask_rcnn/accuracy": 0.9041414553795616, "mask_rcnn/false_negative": 0.011647908562166541, "mask_rcnn/false_positive": 0.21867614599505963, "rank_data_time": 0.007238031000042611, "roi_head/num_bg_samples": 103.5, "roi_head/num_fg_samples": 24.5, "rpn/num_neg_anchors": 246.0, "rpn/num_pos_anchors": 10.0, "time": 0.4621244764999801, "total_loss": 1.48639460967388}
{"data_time": 0.008397731499940164, "eta_seconds": 94.87887641998441, "fast_rcnn/cls_accuracy": 0.859375, "fast_rcnn/false_negative": 0.5348557692307692, "fast_rcnn/fg_cls_accuracy": 0.35271467077396995, "iteration": 119, "loss_box_reg": 0.6381483376026154, "loss_cls": 0.4338141232728958, "loss_mask": 0.22934181988239288, "loss_rpn_cls": 0.005476585938595235, "loss_rpn_loc": 0.011842952109873295, "lr": 0.000993175, "mask_rcnn/accuracy": 0.917708066350559, "mask_rcnn/false_negative": 0.028845907456994283, "mask_rcnn/false_positive": 0.15457796187915218, "rank_data_time": 0.008397731499940164, "roi_head/num_bg_samples": 100.75, "roi_head/num_fg_samples": 27.25, "rpn/num_neg_anchors": 241.75, "rpn/num_pos_anchors": 14.25, "time": 0.5040251885000089, "total_loss": 1.286697305738926}
{"data_time": 0.007837650500164273, "eta_seconds": 84.22042864001924, "fast_rcnn/cls_accuracy": 0.904296875, "fast_rcnn/false_negative": 0.12916666666666665, "fast_rcnn/fg_cls_accuracy": 0.7325721153846154, "iteration": 139, "loss_box_reg": 0.5005839318037033, "loss_cls": 0.26308196783065796, "loss_mask": 0.14398933202028275, "loss_rpn_cls": 0.004088288638740778, "loss_rpn_loc": 0.011200275272130966, "lr": 0.001159675, "mask_rcnn/accuracy": 0.942833774134654, "mask_rcnn/false_negative": 0.03297425477827773, "mask_rcnn/false_positive": 0.07242011192714215, "rank_data_time": 0.007837650500164273, "roi_head/num_bg_samples": 101.0, "roi_head/num_fg_samples": 27.0, "rpn/num_neg_anchors": 244.25, "rpn/num_pos_anchors": 11.75, "time": 0.5091172344999677, "total_loss": 0.8941916802432388}
{"data_time": 0.010188252500029193, "eta_seconds": 73.41079913999693, "fast_rcnn/cls_accuracy": 0.912109375, "fast_rcnn/false_negative": 0.17752100840336135, "fast_rcnn/fg_cls_accuracy": 0.6640625, "iteration": 159, "loss_box_reg": 0.47545237839221954, "loss_cls": 0.24102254211902618, "loss_mask": 0.1438838541507721, "loss_rpn_cls": 0.003946226555854082, "loss_rpn_loc": 0.00975296413525939, "lr": 0.001326175, "mask_rcnn/accuracy": 0.9411272321428572, "mask_rcnn/false_negative": 0.036562586143687445, "mask_rcnn/false_positive": 0.07720955197566265, "rank_data_time": 0.010188252500029193, "roi_head/num_bg_samples": 97.75, "roi_head/num_fg_samples": 30.25, "rpn/num_neg_anchors": 243.75, "rpn/num_pos_anchors": 12.25, "time": 0.5034199890000082, "total_loss": 0.9420068520121276}
{"data_time": 0.0065370484999220935, "eta_seconds": 62.258412060009505, "fast_rcnn/cls_accuracy": 0.955078125, "fast_rcnn/false_negative": 0.10336743393009377, "fast_rcnn/fg_cls_accuracy": 0.8482921511627908, "iteration": 179, "loss_box_reg": 0.40757066011428833, "loss_cls": 0.15341421216726303, "loss_mask": 0.12676650285720825, "loss_rpn_cls": 0.000904241343960166, "loss_rpn_loc": 0.011194363236427307, "lr": 0.001492675, "mask_rcnn/accuracy": 0.9482302100766867, "mask_rcnn/false_negative": 0.031711196592748424, "mask_rcnn/false_positive": 0.07273611549144433, "rank_data_time": 0.0065370484999220935, "roi_head/num_bg_samples": 101.5, "roi_head/num_fg_samples": 26.5, "rpn/num_neg_anchors": 244.0, "rpn/num_pos_anchors": 12.0, "time": 0.48480371299990566, "total_loss": 0.7725726576463785}
{"data_time": 0.016605592999894725, "eta_seconds": 51.71806230000584, "fast_rcnn/cls_accuracy": 0.94921875, "fast_rcnn/false_negative": 0.04957848253713368, "fast_rcnn/fg_cls_accuracy": 0.9296875, "iteration": 199, "loss_box_reg": 0.3727450519800186, "loss_cls": 0.1819925457239151, "loss_mask": 0.12919870764017105, "loss_rpn_cls": 0.003191055846400559, "loss_rpn_loc": 0.011892246548086405, "lr": 0.001659175, "mask_rcnn/accuracy": 0.9455111716286885, "mask_rcnn/false_negative": 0.04204048554892802, "mask_rcnn/false_positive": 0.06314018681742539, "rank_data_time": 0.016605592999894725, "roi_head/num_bg_samples": 101.5, "roi_head/num_fg_samples": 26.5, "rpn/num_neg_anchors": 244.0, "rpn/num_pos_anchors": 12.0, "time": 0.5063468600000078, "total_loss": 0.7422394845343661}
{"data_time": 0.012400354500073263, "eta_seconds": 41.37444984000467, "fast_rcnn/cls_accuracy": 0.935546875, "fast_rcnn/false_negative": 0.06898584905660377, "fast_rcnn/fg_cls_accuracy": 0.9028301886792454,